cone_x_microns,cone_y_microns,cone_spectral_type,subject_id,age,eye,meridian,eccentricity_deg,eccentricity_mm,ret_mag_factor,fov,lm_ratio,scones,lcone_density,mcone_density,scone_density,numcones,nonclass_cones,cone_origin,zernike_pupil_diam,zernike_measure_wave,zernike_optim_wave
1.6,41.1,M,AO001,41,OD,temporal,"(0.4,0)","(0.12,0)",296.2,0.08 x 0.19,2.1,3.3,53057.8,25018.6,2626.6,1229,0,Top-left corner of FOV,6,900,550
1.6,47.3,L,,,,,,,,,,,,,,,,,,,
1.6,53.5,L,,,,,,,,,,,,,,,,,,,
1.6,62.8,M,,,,,,,,,,,,,,,,,,,
1.6,133.3,L,,,,,,,,,,,,,,,,,,,
1.6,169.7,M,,,,,,,,,,,,,,,,,,,
2.3,11.6,L,,,,,,,,,,,,,,,,,,,
2.3,21.7,L,,,,,,,,,,,,,,,,,,,
2.3,99.2,S,,,,,,,,,,,,,,,,,,,
2.3,111.6,M,,,,,,,,,,,,,,,,,,,
2.3,142.6,M,,,,,,,,,,,,,,,,,,,
2.3,151.9,L,,,,,,,,,,,,,,,,,,,
2.3,165.9,M,,,,,,,,,,,,,,,,,,,
2.8,187.7,L,,,,,,,,,,,,,,,,,,,
2.9,73.2,M,,,,,,,,,,,,,,,,,,,
3.1,3.9,L,,,,,,,,,,,,,,,,,,,
3.1,31.8,L,,,,,,,,,,,,,,,,,,,
3.1,59.7,M,,,,,,,,,,,,,,,,,,,
3.1,65.9,L,,,,,,,,,,,,,,,,,,,
3.1,76,M,,,,,,,,,,,,,,,,,,,
3.1,115.5,L,,,,,,,,,,,,,,,,,,,
3.1,118.6,L,,,,,,,,,,,,,,,,,,,
3.1,136.4,M,,,,,,,,,,,,,,,,,,,
3.1,145.7,M,,,,,,,,,,,,,,,,,,,
3.1,162,M,,,,,,,,,,,,,,,,,,,
3.1,183.7,L,,,,,,,,,,,,,,,,,,,
3.1,191.4,L,,,,,,,,,,,,,,,,,,,
3.7,122.1,L,,,,,,,,,,,,,,,,,,,
3.9,7.8,L,,,,,,,,,,,,,,,,,,,
3.9,17.8,S,,,,,,,,,,,,,,,,,,,
3.9,38,L,,,,,,,,,,,,,,,,,,,
3.9,44.2,L,,,,,,,,,,,,,,,,,,,
3.9,50.4,L,,,,,,,,,,,,,,,,,,,
3.9,81.1,L,,,,,,,,,,,,,,,,,,,
3.9,96.9,M,,,,,,,,,,,,,,,,,,,
3.9,108.5,L,,,,,,,,,,,,,,,,,,,
3.9,126.3,L,,,,,,,,,,,,,,,,,,,
3.9,130.2,L,,,,,,,,,,,,,,,,,,,
3.9,172.1,M,,,,,,,,,,,,,,,,,,,
3.9,175.9,M,,,,,,,,,,,,,,,,,,,
3.9,179.5,L,,,,,,,,,,,,,,,,,,,
4.3,149.1,M,,,,,,,,,,,,,,,,,,,
4.7,14,L,,,,,,,,,,,,,,,,,,,
4.7,28.1,L,,,,,,,,,,,,,,,,,,,
4.7,56.6,M,,,,,,,,,,,,,,,,,,,
4.7,83.7,S,,,,,,,,,,,,,,,,,,,
4.7,102.3,L,,,,,,,,,,,,,,,,,,,
4.7,142.6,L,,,,,,,,,,,,,,,,,,,
4.7,155,M,,,,,,,,,,,,,,,,,,,
5.1,139,L,,,,,,,,,,,,,,,,,,,
5.4,24.8,M,,,,,,,,,,,,,,,,,,,
5.4,89.9,L,,,,,,,,,,,,,,,,,,,
5.4,105.4,L,,,,,,,,,,,,,,,,,,,
5.4,110.8,M,,,,,,,,,,,,,,,,,,,
5.4,134.1,M,,,,,,,,,,,,,,,,,,,
5.4,165.1,L,,,,,,,,,,,,,,,,,,,
6.2,10.9,L,,,,,,,,,,,,,,,,,,,
6.2,20.9,L,,,,,,,,,,,,,,,,,,,
6.2,34.3,L,,,,,,,,,,,,,,,,,,,
6.2,40.1,M,,,,,,,,,,,,,,,,,,,
6.2,52.7,L,,,,,,,,,,,,,,,,,,,
6.2,67.4,M,,,,,,,,,,,,,,,,,,,
6.2,71.3,L,,,,,,,,,,,,,,,,,,,
6.2,77.5,L,,,,,,,,,,,,,,,,,,,
6.2,98.4,L,,,,,,,,,,,,,,,,,,,
6.2,113.9,L,,,,,,,,,,,,,,,,,,,
6.2,117,M,,,,,,,,,,,,,,,,,,,
6.2,120.9,L,,,,,,,,,,,,,,,,,,,
6.2,124,M,,,,,,,,,,,,,,,,,,,
6.2,136.4,L,,,,,,,,,,,,,,,,,,,
6.2,151.9,L,,,,,,,,,,,,,,,,,,,
6.2,185.2,L,,,,,,,,,,,,,,,,,,,
6.4,47.6,L,,,,,,,,,,,,,,,,,,,
6.5,64.2,M,,,,,,,,,,,,,,,,,,,
6.8,182.3,M,,,,,,,,,,,,,,,,,,,
7,3.9,L,,,,,,,,,,,,,,,,,,,
7,59.7,L,,,,,,,,,,,,,,,,,,,
7,74.7,L,,,,,,,,,,,,,,,,,,,
7,95.3,L,,,,,,,,,,,,,,,,,,,
7,158.1,L,,,,,,,,,,,,,,,,,,,
7,162,L,,,,,,,,,,,,,,,,,,,
7,178.3,M,,,,,,,,,,,,,,,,,,,
7,190.4,L,,,,,,,,,,,,,,,,,,,
7.8,27.1,L,,,,,,,,,,,,,,,,,,,
7.8,37.2,M,,,,,,,,,,,,,,,,,,,
7.8,79.8,M,,,,,,,,,,,,,,,,,,,
7.8,102.3,L,,,,,,,,,,,,,,,,,,,
7.8,108.5,L,,,,,,,,,,,,,,,,,,,
7.8,127.9,L,,,,,,,,,,,,,,,,,,,
7.8,139.5,M,,,,,,,,,,,,,,,,,,,
7.8,145.7,L,,,,,,,,,,,,,,,,,,,
7.8,149.6,L,,,,,,,,,,,,,,,,,,,
7.8,174.4,L,,,,,,,,,,,,,,,,,,,
7.9,17.1,L,,,,,,,,,,,,,,,,,,,
7.9,30.7,L,,,,,,,,,,,,,,,,,,,
7.9,86.2,L,,,,,,,,,,,,,,,,,,,
8.5,50.4,M,,,,,,,,,,,,,,,,,,,
8.5,56.6,M,,,,,,,,,,,,,,,,,,,
8.5,62.8,M,,,,,,,,,,,,,,,,,,,
8.5,83.7,M,,,,,,,,,,,,,,,,,,,
8.5,111.6,L,,,,,,,,,,,,,,,,,,,
8.5,131,L,,,,,,,,,,,,,,,,,,,
8.5,134.1,L,,,,,,,,,,,,,,,,,,,
8.5,142.6,L,,,,,,,,,,,,,,,,,,,
8.5,154.2,L,,,,,,,,,,,,,,,,,,,
8.5,167.4,L,,,,,,,,,,,,,,,,,,,
8.5,170.5,L,,,,,,,,,,,,,,,,,,,
8.7,8.2,L,,,,,,,,,,,,,,,,,,,
9,23.4,L,,,,,,,,,,,,,,,,,,,
9,45.1,L,,,,,,,,,,,,,,,,,,,
9.3,1.6,L,,,,,,,,,,,,,,,,,,,
9.3,13.5,M,,,,,,,,,,,,,,,,,,,
9.3,69.8,L,,,,,,,,,,,,,,,,,,,
9.3,76,L,,,,,,,,,,,,,,,,,,,
9.3,89.1,L,,,,,,,,,,,,,,,,,,,
9.3,115.2,M,,,,,,,,,,,,,,,,,,,
9.8,187.6,S,,,,,,,,,,,,,,,,,,,
9.9,105.3,L,,,,,,,,,,,,,,,,,,,
9.9,121.8,L,,,,,,,,,,,,,,,,,,,
10.1,34.1,L,,,,,,,,,,,,,,,,,,,
10.1,40.3,L,,,,,,,,,,,,,,,,,,,
10.1,46.5,L,,,,,,,,,,,,,,,,,,,
10.1,65.9,L,,,,,,,,,,,,,,,,,,,
10.1,72.9,L,,,,,,,,,,,,,,,,,,,
10.1,98.4,L,,,,,,,,,,,,,,,,,,,
10.1,124.8,M,,,,,,,,,,,,,,,,,,,
10.1,151.9,M,,,,,,,,,,,,,,,,,,,
10.1,163.5,L,,,,,,,,,,,,,,,,,,,
10.1,179.8,L,,,,,,,,,,,,,,,,,,,
10.1,183.7,M,,,,,,,,,,,,,,,,,,,
10.5,20.9,L,,,,,,,,,,,,,,,,,,,
10.9,9.3,L,,,,,,,,,,,,,,,,,,,
10.9,16.3,M,,,,,,,,,,,,,,,,,,,
10.9,53.5,M,,,,,,,,,,,,,,,,,,,
10.9,59.7,L,,,,,,,,,,,,,,,,,,,
10.9,78.3,M,,,,,,,,,,,,,,,,,,,
10.9,85.3,L,,,,,,,,,,,,,,,,,,,
10.9,94.6,L,,,,,,,,,,,,,,,,,,,
10.9,128.7,M,,,,,,,,,,,,,,,,,,,
10.9,144.9,L,,,,,,,,,,,,,,,,,,,
10.9,148.2,M,,,,,,,,,,,,,,,,,,,
10.9,159.4,M,,,,,,,,,,,,,,,,,,,
11,4.8,L,,,,,,,,,,,,,,,,,,,
11.2,137.3,L,,,,,,,,,,,,,,,,,,,
11.6,26.4,L,,,,,,,,,,,,,,,,,,,
11.6,29.8,M,,,,,,,,,,,,,,,,,,,
11.6,37.2,L,,,,,,,,,,,,,,,,,,,
11.6,44.2,L,,,,,,,,,,,,,,,,,,,
11.6,81.4,L,,,,,,,,,,,,,,,,,,,
11.6,91.5,L,,,,,,,,,,,,,,,,,,,
11.6,102.3,M,,,,,,,,,,,,,,,,,,,
11.6,108.5,L,,,,,,,,,,,,,,,,,,,
11.6,131.8,L,,,,,,,,,,,,,,,,,,,
11.6,134.1,L,,,,,,,,,,,,,,,,,,,
11.6,141.1,M,,,,,,,,,,,,,,,,,,,
11.6,169.7,L,,,,,,,,,,,,,,,,,,,
11.9,155.9,M,,,,,,,,,,,,,,,,,,,
12.2,112.7,M,,,,,,,,,,,,,,,,,,,
12.4,50.4,L,,,,,,,,,,,,,,,,,,,
12.4,56.6,L,,,,,,,,,,,,,,,,,,,
12.4,63.6,M,,,,,,,,,,,,,,,,,,,
12.4,69.8,L,,,,,,,,,,,,,,,,,,,
12.4,116.3,L,,,,,,,,,,,,,,,,,,,
12.4,124,L,,,,,,,,,,,,,,,,,,,
12.4,153.5,M,,,,,,,,,,,,,,,,,,,
13,165.7,M,,,,,,,,,,,,,,,,,,,
13.2,13.2,M,,,,,,,,,,,,,,,,,,,
13.2,23.3,L,,,,,,,,,,,,,,,,,,,
13.2,76,L,,,,,,,,,,,,,,,,,,,
13.2,87.6,M,,,,,,,,,,,,,,,,,,,
13.2,96.3,L,,,,,,,,,,,,,,,,,,,
13.2,146.5,L,,,,,,,,,,,,,,,,,,,
13.2,150.7,M,,,,,,,,,,,,,,,,,,,
13.2,162,M,,,,,,,,,,,,,,,,,,,
13.2,182.1,L,,,,,,,,,,,,,,,,,,,
13.2,189.9,L,,,,,,,,,,,,,,,,,,,
13.2,192.2,L,,,,,,,,,,,,,,,,,,,
13.3,34.9,L,,,,,,,,,,,,,,,,,,,
13.3,120.1,M,,,,,,,,,,,,,,,,,,,
13.8,185.9,M,,,,,,,,,,,,,,,,,,,
14,3.9,L,,,,,,,,,,,,,,,,,,,
14,19.4,M,,,,,,,,,,,,,,,,,,,
14,40.3,L,,,,,,,,,,,,,,,,,,,
14,79.8,L,,,,,,,,,,,,,,,,,,,
14,93,L,,,,,,,,,,,,,,,,,,,
14,99.2,L,,,,,,,,,,,,,,,,,,,
14,130.2,M,,,,,,,,,,,,,,,,,,,
14,138.7,L,,,,,,,,,,,,,,,,,,,
14,158.9,L,,,,,,,,,,,,,,,,,,,
14,175.2,L,,,,,,,,,,,,,,,,,,,
14,178.3,S,,,,,,,,,,,,,,,,,,,
14.4,72.4,L,,,,,,,,,,,,,,,,,,,
14.6,84.6,L,,,,,,,,,,,,,,,,,,,
14.7,7.3,S,,,,,,,,,,,,,,,,,,,
14.7,16.3,M,,,,,,,,,,,,,,,,,,,
14.7,24.8,L,,,,,,,,,,,,,,,,,,,
14.7,31.8,M,,,,,,,,,,,,,,,,,,,
14.7,53.5,L,,,,,,,,,,,,,,,,,,,
14.7,59.5,L,,,,,,,,,,,,,,,,,,,
14.7,132.5,L,,,,,,,,,,,,,,,,,,,
14.7,143.2,M,,,,,,,,,,,,,,,,,,,
14.7,171.3,L,,,,,,,,,,,,,,,,,,,
14.9,47,L,,,,,,,,,,,,,,,,,,,
15.3,136.3,L,,,,,,,,,,,,,,,,,,,
15.5,28.7,S,,,,,,,,,,,,,,,,,,,
15.5,38,L,,,,,,,,,,,,,,,,,,,
15.5,62.8,L,,,,,,,,,,,,,,,,,,,
15.5,89.8,L,,,,,,,,,,,,,,,,,,,
15.5,107.7,M,,,,,,,,,,,,,,,,,,,
15.5,110.8,S,,,,,,,,,,,,,,,,,,,
15.5,114.7,L,,,,,,,,,,,,,,,,,,,
15.5,168.2,L,,,,,,,,,,,,,,,,,,,
16.1,117.5,L,,,,,,,,,,,,,,,,,,,
16.1,119.8,L,,,,,,,,,,,,,,,,,,,
16.3,10.1,S,,,,,,,,,,,,,,,,,,,
16.3,50.4,L,,,,,,,,,,,,,,,,,,,
16.3,56.6,L,,,,,,,,,,,,,,,,,,,
16.3,96.9,L,,,,,,,,,,,,,,,,,,,
16.3,124.8,S,,,,,,,,,,,,,,,,,,,
16.3,151.9,M,,,,,,,,,,,,,,,,,,,
16.3,155,L,,,,,,,,,,,,,,,,,,,
16.3,165.1,M,,,,,,,,,,,,,,,,,,,
16.4,69.3,L,,,,,,,,,,,,,,,,,,,
16.6,184.2,L,,,,,,,,,,,,,,,,,,,
16.7,122.3,L,,,,,,,,,,,,,,,,,,,
16.9,43.7,M,,,,,,,,,,,,,,,,,,,
17.1,1.6,S,,,,,,,,,,,,,,,,,,,
17.1,21.7,L,,,,,,,,,,,,,,,,,,,
17.1,34.1,M,,,,,,,,,,,,,,,,,,,
17.1,78.3,L,,,,,,,,,,,,,,,,,,,
17.1,86,L,,,,,,,,,,,,,,,,,,,
17.1,99.2,L,,,,,,,,,,,,,,,,,,,
17.1,104.6,L,,,,,,,,,,,,,,,,,,,
17.1,127.9,L,,,,,,,,,,,,,,,,,,,
17.1,144.9,M,,,,,,,,,,,,,,,,,,,
17.1,190.7,M,,,,,,,,,,,,,,,,,,,
17.2,147.7,L,,,,,,,,,,,,,,,,,,,
17.5,39.8,M,,,,,,,,,,,,,,,,,,,
17.7,158.3,M,,,,,,,,,,,,,,,,,,,
17.7,161.2,M,,,,,,,,,,,,,,,,,,,
17.8,17.8,L,,,,,,,,,,,,,,,,,,,
17.8,59.7,L,,,,,,,,,,,,,,,,,,,
17.8,65.9,L,,,,,,,,,,,,,,,,,,,
17.8,82.2,L,,,,,,,,,,,,,,,,,,,
17.8,92.2,L,,,,,,,,,,,,,,,,,,,
17.8,133.3,L,,,,,,,,,,,,,,,,,,,
17.8,138,M,,,,,,,,,,,,,,,,,,,
17.8,141.4,M,,,,,,,,,,,,,,,,,,,
17.8,173.6,L,,,,,,,,,,,,,,,,,,,
17.8,176.7,L,,,,,,,,,,,,,,,,,,,
18,13,M,,,,,,,,,,,,,,,,,,,
18,180.4,L,,,,,,,,,,,,,,,,,,,
18.3,130.8,L,,,,,,,,,,,,,,,,,,,
18.6,5.4,M,,,,,,,,,,,,,,,,,,,
18.6,31,M,,,,,,,,,,,,,,,,,,,
18.6,53.5,L,,,,,,,,,,,,,,,,,,,
18.6,72.4,M,,,,,,,,,,,,,,,,,,,
18.6,88.4,M,,,,,,,,,,,,,,,,,,,
18.6,109.3,M,,,,,,,,,,,,,,,,,,,
18.6,112.4,L,,,,,,,,,,,,,,,,,,,
18.8,46.8,M,,,,,,,,,,,,,,,,,,,
19.2,25.1,M,,,,,,,,,,,,,,,,,,,
19.2,170.7,L,,,,,,,,,,,,,,,,,,,
19.4,37.2,L,,,,,,,,,,,,,,,,,,,
19.4,69.8,L,,,,,,,,,,,,,,,,,,,
19.4,79.1,M,,,,,,,,,,,,,,,,,,,
19.4,94.6,M,,,,,,,,,,,,,,,,,,,
19.4,97.7,M,,,,,,,,,,,,,,,,,,,
19.4,102.3,L,,,,,,,,,,,,,,,,,,,
19.4,116.3,L,,,,,,,,,,,,,,,,,,,
19.4,120.1,L,,,,,,,,,,,,,,,,,,,
19.4,136.4,M,,,,,,,,,,,,,,,,,,,
19.4,166.6,M,,,,,,,,,,,,,,,,,,,
19.4,186,M,,,,,,,,,,,,,,,,,,,
19.4,189.9,M,,,,,,,,,,,,,,,,,,,
20.2,11.6,M,,,,,,,,,,,,,,,,,,,
20.2,43.4,M,,,,,,,,,,,,,,,,,,,
20.2,56.6,L,,,,,,,,,,,,,,,,,,,
20.2,75.2,L,,,,,,,,,,,,,,,,,,,
20.2,123.2,L,,,,,,,,,,,,,,,,,,,
20.2,126.3,L,,,,,,,,,,,,,,,,,,,
20.2,142.6,L,,,,,,,,,,,,,,,,,,,
20.2,146.5,S,,,,,,,,,,,,,,,,,,,
20.2,149.6,M,,,,,,,,,,,,,,,,,,,
20.2,152.7,L,,,,,,,,,,,,,,,,,,,
20.2,155.8,L,,,,,,,,,,,,,,,,,,,
20.2,163.5,M,,,,,,,,,,,,,,,,,,,
20.2,182.1,L,,,,,,,,,,,,,,,,,,,
20.2,193,L,,,,,,,,,,,,,,,,,,,
20.3,84.8,L,,,,,,,,,,,,,,,,,,,
20.6,91.3,M,,,,,,,,,,,,,,,,,,,
20.9,8.5,M,,,,,,,,,,,,,,,,,,,
20.9,22.5,L,,,,,,,,,,,,,,,,,,,
20.9,28.7,M,,,,,,,,,,,,,,,,,,,
20.9,49.6,M,,,,,,,,,,,,,,,,,,,
20.9,100,L,,,,,,,,,,,,,,,,,,,
20.9,105.4,L,,,,,,,,,,,,,,,,,,,
20.9,133.3,L,,,,,,,,,,,,,,,,,,,
20.9,139.5,M,,,,,,,,,,,,,,,,,,,
20.9,175.2,M,,,,,,,,,,,,,,,,,,,
20.9,179,L,,,,,,,,,,,,,,,,,,,
21.5,33.8,M,,,,,,,,,,,,,,,,,,,
21.7,18.6,L,,,,,,,,,,,,,,,,,,,
21.7,45.7,L,,,,,,,,,,,,,,,,,,,
21.7,59.7,L,,,,,,,,,,,,,,,,,,,
21.7,65.9,L,,,,,,,,,,,,,,,,,,,
21.7,72.1,L,,,,,,,,,,,,,,,,,,,
21.7,82.2,L,,,,,,,,,,,,,,,,,,,
21.7,130.2,L,,,,,,,,,,,,,,,,,,,
21.7,172.1,L,,,,,,,,,,,,,,,,,,,
22.2,15,L,,,,,,,,,,,,,,,,,,,
22.2,160.1,L,,,,,,,,,,,,,,,,,,,
22.3,108.8,M,,,,,,,,,,,,,,,,,,,
22.5,4.7,L,,,,,,,,,,,,,,,,,,,
22.5,39.5,L,,,,,,,,,,,,,,,,,,,
22.5,53.5,L,,,,,,,,,,,,,,,,,,,
22.5,87.6,S,,,,,,,,,,,,,,,,,,,
22.5,96.9,L,,,,,,,,,,,,,,,,,,,
22.5,113.9,L,,,,,,,,,,,,,,,,,,,
22.5,117,L,,,,,,,,,,,,,,,,,,,
22.5,120.9,M,,,,,,,,,,,,,,,,,,,
22.5,124.8,L,,,,,,,,,,,,,,,,,,,
22.5,184.5,M,,,,,,,,,,,,,,,,,,,
23.3,25.6,L,,,,,,,,,,,,,,,,,,,
23.3,31,M,,,,,,,,,,,,,,,,,,,
23.3,69,M,,,,,,,,,,,,,,,,,,,
23.3,77.5,S,,,,,,,,,,,,,,,,,,,
23.3,136.4,L,,,,,,,,,,,,,,,,,,,
23.3,144.9,M,,,,,,,,,,,,,,,,,,,
23.3,148,L,,,,,,,,,,,,,,,,,,,
23.3,150.4,L,,,,,,,,,,,,,,,,,,,
23.3,153.5,L,,,,,,,,,,,,,,,,,,,
23.3,165.1,M,,,,,,,,,,,,,,,,,,,
23.3,178.3,L,,,,,,,,,,,,,,,,,,,
23.3,181.4,L,,,,,,,,,,,,,,,,,,,
23.9,62.5,L,,,,,,,,,,,,,,,,,,,
24,11.6,L,,,,,,,,,,,,,,,,,,,
24,36.4,M,,,,,,,,,,,,,,,,,,,
24,48.1,M,,,,,,,,,,,,,,,,,,,
24,56.6,L,,,,,,,,,,,,,,,,,,,
24,84.5,S,,,,,,,,,,,,,,,,,,,
24,89.9,M,,,,,,,,,,,,,,,,,,,
24,127.9,L,,,,,,,,,,,,,,,,,,,
24,133.3,L,,,,,,,,,,,,,,,,,,,
24,157.3,L,,,,,,,,,,,,,,,,,,,
24,162,L,,,,,,,,,,,,,,,,,,,
24,174.4,L,,,,,,,,,,,,,,,,,,,
24,193.8,L,,,,,,,,,,,,,,,,,,,
24.5,142.3,L,,,,,,,,,,,,,,,,,,,
24.8,1.6,L,,,,,,,,,,,,,,,,,,,
24.8,7.8,M,,,,,,,,,,,,,,,,,,,
24.8,21.7,S,,,,,,,,,,,,,,,,,,,
24.8,74.4,M,,,,,,,,,,,,,,,,,,,
24.8,95.3,M,,,,,,,,,,,,,,,,,,,
24.8,100,M,,,,,,,,,,,,,,,,,,,
24.8,105.4,L,,,,,,,,,,,,,,,,,,,
24.8,170.5,M,,,,,,,,,,,,,,,,,,,
25,41.5,L,,,,,,,,,,,,,,,,,,,
25.6,17.8,M,,,,,,,,,,,,,,,,,,,
25.6,27.9,M,,,,,,,,,,,,,,,,,,,
25.6,50.7,M,,,,,,,,,,,,,,,,,,,
25.6,59.7,M,,,,,,,,,,,,,,,,,,,
25.6,65.9,L,,,,,,,,,,,,,,,,,,,
25.6,80.6,M,,,,,,,,,,,,,,,,,,,
25.6,108.5,L,,,,,,,,,,,,,,,,,,,
25.6,112.4,L,,,,,,,,,,,,,,,,,,,
25.6,115.5,M,,,,,,,,,,,,,,,,,,,
25.6,118.6,L,,,,,,,,,,,,,,,,,,,
25.6,130.2,M,,,,,,,,,,,,,,,,,,,
25.6,138.7,M,,,,,,,,,,,,,,,,,,,
25.6,184.5,L,,,,,,,,,,,,,,,,,,,
25.6,188.3,L,,,,,,,,,,,,,,,,,,,
26.2,71.6,L,,,,,,,,,,,,,,,,,,,
26.4,4.7,L,,,,,,,,,,,,,,,,,,,
26.4,14.7,S,,,,,,,,,,,,,,,,,,,
26.4,38.8,L,,,,,,,,,,,,,,,,,,,
26.4,45,S,,,,,,,,,,,,,,,,,,,
26.4,54.3,M,,,,,,,,,,,,,,,,,,,
26.4,92.2,L,,,,,,,,,,,,,,,,,,,
26.4,97.7,L,,,,,,,,,,,,,,,,,,,
26.4,121.7,S,,,,,,,,,,,,,,,,,,,
26.4,148.8,M,,,,,,,,,,,,,,,,,,,
26.4,158.9,M,,,,,,,,,,,,,,,,,,,
26.4,168,L,,,,,,,,,,,,,,,,,,,
26.5,32.9,L,,,,,,,,,,,,,,,,,,,
26.8,144.8,L,,,,,,,,,,,,,,,,,,,
27.1,62.8,L,,,,,,,,,,,,,,,,,,,
27.1,77.5,L,,,,,,,,,,,,,,,,,,,
27.1,86.8,L,,,,,,,,,,,,,,,,,,,
27.1,89.9,L,,,,,,,,,,,,,,,,,,,
27.1,151.9,L,,,,,,,,,,,,,,,,,,,
27.1,164.3,L,,,,,,,,,,,,,,,,,,,
27.3,155,L,,,,,,,,,,,,,,,,,,,
27.7,69,M,,,,,,,,,,,,,,,,,,,
27.9,30.5,M,,,,,,,,,,,,,,,,,,,
27.9,36.4,M,,,,,,,,,,,,,,,,,,,
27.9,48.1,M,,,,,,,,,,,,,,,,,,,
27.9,56.6,M,,,,,,,,,,,,,,,,,,,
27.9,83.7,L,,,,,,,,,,,,,,,,,,,
27.9,176.7,L,,,,,,,,,,,,,,,,,,,
28.1,23.9,L,,,,,,,,,,,,,,,,,,,
28.1,128,M,,,,,,,,,,,,,,,,,,,
28.1,141.8,L,,,,,,,,,,,,,,,,,,,
28.4,138.4,L,,,,,,,,,,,,,,,,,,,
28.5,133.3,L,,,,,,,,,,,,,,,,,,,
28.7,7.8,L,,,,,,,,,,,,,,,,,,,
28.7,11.6,L,,,,,,,,,,,,,,,,,,,
28.7,65.9,L,,,,,,,,,,,,,,,,,,,
28.7,94.6,L,,,,,,,,,,,,,,,,,,,
28.7,100.8,M,,,,,,,,,,,,,,,,,,,
28.7,107,L,,,,,,,,,,,,,,,,,,,
28.7,110.1,L,,,,,,,,,,,,,,,,,,,
28.7,113.9,M,,,,,,,,,,,,,,,,,,,
28.7,117,M,,,,,,,,,,,,,,,,,,,
28.7,120.1,M,,,,,,,,,,,,,,,,,,,
28.7,173.3,M,,,,,,,,,,,,,,,,,,,
28.8,160.7,L,,,,,,,,,,,,,,,,,,,
29.3,70.8,M,,,,,,,,,,,,,,,,,,,
29.3,170,M,,,,,,,,,,,,,,,,,,,
29.5,2.3,L,,,,,,,,,,,,,,,,,,,
29.5,20.9,L,,,,,,,,,,,,,,,,,,,
29.5,27.1,L,,,,,,,,,,,,,,,,,,,
29.5,42.6,M,,,,,,,,,,,,,,,,,,,
29.5,50.4,M,,,,,,,,,,,,,,,,,,,
29.5,59.7,L,,,,,,,,,,,,,,,,,,,
29.5,74.4,L,,,,,,,,,,,,,,,,,,,
29.5,80,L,,,,,,,,,,,,,,,,,,,
29.5,124,M,,,,,,,,,,,,,,,,,,,
29.9,144.8,L,,,,,,,,,,,,,,,,,,,
30.1,97.5,S,,,,,,,,,,,,,,,,,,,
30.1,129.7,L,,,,,,,,,,,,,,,,,,,
30.2,14,L,,,,,,,,,,,,,,,,,,,
30.2,32.6,L,,,,,,,,,,,,,,,,,,,
30.2,39.5,L,,,,,,,,,,,,,,,,,,,
30.2,86.8,L,,,,,,,,,,,,,,,,,,,
30.2,89.1,M,,,,,,,,,,,,,,,,,,,
30.2,91.9,M,,,,,,,,,,,,,,,,,,,
30.2,103.1,M,,,,,,,,,,,,,,,,,,,
30.2,135.6,L,,,,,,,,,,,,,,,,,,,
30.2,147.3,L,,,,,,,,,,,,,,,,,,,
30.2,150.4,L,,,,,,,,,,,,,,,,,,,
30.2,158.1,L,,,,,,,,,,,,,,,,,,,
30.2,179,S,,,,,,,,,,,,,,,,,,,
30.5,16.9,M,,,,,,,,,,,,,,,,,,,
30.5,166.3,L,,,,,,,,,,,,,,,,,,,
30.8,53.6,L,,,,,,,,,,,,,,,,,,,
31,5.4,L,,,,,,,,,,,,,,,,,,,
31,62.8,L,,,,,,,,,,,,,,,,,,,
31,68.2,M,,,,,,,,,,,,,,,,,,,
31,82.2,L,,,,,,,,,,,,,,,,,,,
31,141.8,L,,,,,,,,,,,,,,,,,,,
31,175.9,L,,,,,,,,,,,,,,,,,,,
31,185.2,L,,,,,,,,,,,,,,,,,,,
31,188.3,L,,,,,,,,,,,,,,,,,,,
31.6,47.7,L,,,,,,,,,,,,,,,,,,,
31.6,153.5,L,,,,,,,,,,,,,,,,,,,
31.8,23.3,L,,,,,,,,,,,,,,,,,,,
31.8,30.2,L,,,,,,,,,,,,,,,,,,,
31.8,35.7,M,,,,,,,,,,,,,,,,,,,
31.8,56.6,M,,,,,,,,,,,,,,,,,,,
31.8,76.9,L,,,,,,,,,,,,,,,,,,,
31.8,108.5,L,,,,,,,,,,,,,,,,,,,
31.8,115.5,L,,,,,,,,,,,,,,,,,,,
31.8,118.6,L,,,,,,,,,,,,,,,,,,,
31.8,121.7,L,,,,,,,,,,,,,,,,,,,
31.8,127,L,,,,,,,,,,,,,,,,,,,
31.8,132.2,L,,,,,,,,,,,,,,,,,,,
31.8,138,M,,,,,,,,,,,,,,,,,,,
31.8,163.5,L,,,,,,,,,,,,,,,,,,,
31.8,172.1,L,,,,,,,,,,,,,,,,,,,
32.2,99.8,M,,,,,,,,,,,,,,,,,,,
32.6,8.5,L,,,,,,,,,,,,,,,,,,,
32.6,59.7,M,,,,,,,,,,,,,,,,,,,
32.6,65.9,L,,,,,,,,,,,,,,,,,,,
32.6,72.1,M,,,,,,,,,,,,,,,,,,,
32.6,79.8,L,,,,,,,,,,,,,,,,,,,
32.6,94.2,L,,,,,,,,,,,,,,,,,,,
32.6,111.6,S,,,,,,,,,,,,,,,,,,,
32.6,182.1,L,,,,,,,,,,,,,,,,,,,
33.3,12.1,M,,,,,,,,,,,,,,,,,,,
33.3,19.4,L,,,,,,,,,,,,,,,,,,,
33.3,38.8,L,,,,,,,,,,,,,,,,,,,
33.3,90.7,L,,,,,,,,,,,,,,,,,,,
33.3,124,L,,,,,,,,,,,,,,,,,,,
33.3,134.9,M,,,,,,,,,,,,,,,,,,,
33.3,144.9,L,,,,,,,,,,,,,,,,,,,
33.3,147.3,M,,,,,,,,,,,,,,,,,,,
33.3,151.1,M,,,,,,,,,,,,,,,,,,,
33.3,156.6,L,,,,,,,,,,,,,,,,,,,
33.8,44.5,M,,,,,,,,,,,,,,,,,,,
33.8,50.2,L,,,,,,,,,,,,,,,,,,,
33.9,16.1,L,,,,,,,,,,,,,,,,,,,
34.1,2.6,M,,,,,,,,,,,,,,,,,,,
34.1,26.4,M,,,,,,,,,,,,,,,,,,,
34.1,32.6,L,,,,,,,,,,,,,,,,,,,
34.1,69,L,,,,,,,,,,,,,,,,,,,
34.1,75.2,M,,,,,,,,,,,,,,,,,,,
34.1,84.5,L,,,,,,,,,,,,,,,,,,,
34.1,87.6,M,,,,,,,,,,,,,,,,,,,
34.1,97.7,L,,,,,,,,,,,,,,,,,,,
34.1,126.3,L,,,,,,,,,,,,,,,,,,,
34.1,141.1,L,,,,,,,,,,,,,,,,,,,
34.1,187.6,M,,,,,,,,,,,,,,,,,,,
34.3,102.9,L,,,,,,,,,,,,,,,,,,,
34.6,53.5,L,,,,,,,,,,,,,,,,,,,
34.9,62.8,S,,,,,,,,,,,,,,,,,,,
34.9,117,L,,,,,,,,,,,,,,,,,,,
34.9,132.5,M,,,,,,,,,,,,,,,,,,,
34.9,171.3,L,,,,,,,,,,,,,,,,,,,
34.9,184.5,M,,,,,,,,,,,,,,,,,,,
35.5,34.7,L,,,,,,,,,,,,,,,,,,,
35.5,47.9,M,,,,,,,,,,,,,,,,,,,
35.5,129,M,,,,,,,,,,,,,,,,,,,
35.7,6.7,M,,,,,,,,,,,,,,,,,,,
35.7,10.1,M,,,,,,,,,,,,,,,,,,,
35.7,29.5,M,,,,,,,,,,,,,,,,,,,
35.7,41.9,L,,,,,,,,,,,,,,,,,,,
35.7,72.1,L,,,,,,,,,,,,,,,,,,,
35.7,105.4,L,,,,,,,,,,,,,,,,,,,
35.7,110.8,L,,,,,,,,,,,,,,,,,,,
35.7,113.8,L,,,,,,,,,,,,,,,,,,,
35.7,120.9,M,,,,,,,,,,,,,,,,,,,
35.7,137.2,L,,,,,,,,,,,,,,,,,,,
35.7,159.7,L,,,,,,,,,,,,,,,,,,,
35.7,162.8,M,,,,,,,,,,,,,,,,,,,
35.7,180.6,L,,,,,,,,,,,,,,,,,,,
36,56.1,L,,,,,,,,,,,,,,,,,,,
36,93.2,L,,,,,,,,,,,,,,,,,,,
36,100.4,L,,,,,,,,,,,,,,,,,,,
36.4,14,M,,,,,,,,,,,,,,,,,,,
36.4,18.6,L,,,,,,,,,,,,,,,,,,,
36.4,22.5,L,,,,,,,,,,,,,,,,,,,
36.4,59.7,M,,,,,,,,,,,,,,,,,,,
36.4,79.1,L,,,,,,,,,,,,,,,,,,,
36.4,89.9,L,,,,,,,,,,,,,,,,,,,
36.4,146.5,L,,,,,,,,,,,,,,,,,,,
36.4,149.6,L,,,,,,,,,,,,,,,,,,,
36.4,167.4,M,,,,,,,,,,,,,,,,,,,
37,96.3,M,,,,,,,,,,,,,,,,,,,
37,124.2,M,,,,,,,,,,,,,,,,,,,
37.2,25.6,L,,,,,,,,,,,,,,,,,,,
37.2,51.2,M,,,,,,,,,,,,,,,,,,,
37.2,86,L,,,,,,,,,,,,,,,,,,,
37.2,118.6,L,,,,,,,,,,,,,,,,,,,
37.2,134.9,L,,,,,,,,,,,,,,,,,,,
37.2,139.5,L,,,,,,,,,,,,,,,,,,,
37.2,151.9,L,,,,,,,,,,,,,,,,,,,
37.2,173.6,L,,,,,,,,,,,,,,,,,,,
37.2,190.7,M,,,,,,,,,,,,,,,,,,,
37.5,143.2,L,,,,,,,,,,,,,,,,,,,
37.7,156.3,L,,,,,,,,,,,,,,,,,,,
38,3.9,L,,,,,,,,,,,,,,,,,,,
38,32.6,L,,,,,,,,,,,,,,,,,,,
38,38.8,M,,,,,,,,,,,,,,,,,,,
38,62.8,L,,,,,,,,,,,,,,,,,,,
38,68.2,L,,,,,,,,,,,,,,,,,,,
38,74.4,S,,,,,,,,,,,,,,,,,,,
38,82.9,L,,,,,,,,,,,,,,,,,,,
38,93,L,,,,,,,,,,,,,,,,,,,
38,116.3,L,,,,,,,,,,,,,,,,,,,
38,120.9,M,,,,,,,,,,,,,,,,,,,
38,127.1,L,,,,,,,,,,,,,,,,,,,
38,132.5,L,,,,,,,,,,,,,,,,,,,
38,183.7,L,,,,,,,,,,,,,,,,,,,
38.1,107.3,L,,,,,,,,,,,,,,,,,,,
38.6,170.8,M,,,,,,,,,,,,,,,,,,,
38.8,7,M,,,,,,,,,,,,,,,,,,,
38.8,48.1,L,,,,,,,,,,,,,,,,,,,
38.8,77.5,L,,,,,,,,,,,,,,,,,,,
38.8,99.2,L,,,,,,,,,,,,,,,,,,,
38.8,112.8,M,,,,,,,,,,,,,,,,,,,
39.2,10.5,L,,,,,,,,,,,,,,,,,,,
39.5,15.5,L,,,,,,,,,,,,,,,,,,,
39.5,19.4,L,,,,,,,,,,,,,,,,,,,
39.5,28.7,M,,,,,,,,,,,,,,,,,,,
39.5,35.7,L,,,,,,,,,,,,,,,,,,,
39.5,57.4,M,,,,,,,,,,,,,,,,,,,
39.5,71.3,L,,,,,,,,,,,,,,,,,,,
39.5,87.7,L,,,,,,,,,,,,,,,,,,,
39.5,110.1,M,,,,,,,,,,,,,,,,,,,
39.5,129.4,M,,,,,,,,,,,,,,,,,,,
39.5,137.2,M,,,,,,,,,,,,,,,,,,,
39.5,144.2,L,,,,,,,,,,,,,,,,,,,
39.5,147.3,L,,,,,,,,,,,,,,,,,,,
39.5,163.5,L,,,,,,,,,,,,,,,,,,,
39.5,167.4,L,,,,,,,,,,,,,,,,,,,
39.5,174.4,M,,,,,,,,,,,,,,,,,,,
39.5,177.5,M,,,,,,,,,,,,,,,,,,,
39.7,104,L,,,,,,,,,,,,,,,,,,,
40.1,123.9,L,,,,,,,,,,,,,,,,,,,
40.3,25.6,M,,,,,,,,,,,,,,,,,,,
40.3,41.1,L,,,,,,,,,,,,,,,,,,,
40.3,45,L,,,,,,,,,,,,,,,,,,,
40.3,64.3,M,,,,,,,,,,,,,,,,,,,
40.3,80.6,M,,,,,,,,,,,,,,,,,,,
40.3,90.7,L,,,,,,,,,,,,,,,,,,,
40.3,96.1,M,,,,,,,,,,,,,,,,,,,
40.3,114.7,L,,,,,,,,,,,,,,,,,,,
40.3,131.8,L,,,,,,,,,,,,,,,,,,,
40.3,141.1,M,,,,,,,,,,,,,,,,,,,
40.3,154.2,L,,,,,,,,,,,,,,,,,,,
40.3,189.9,L,,,,,,,,,,,,,,,,,,,
40.5,60.6,L,,,,,,,,,,,,,,,,,,,
40.8,157.5,L,,,,,,,,,,,,,,,,,,,
41.1,3.9,L,,,,,,,,,,,,,,,,,,,
41.1,22.5,L,,,,,,,,,,,,,,,,,,,
41.1,38,L,,,,,,,,,,,,,,,,,,,
41.1,53.5,M,,,,,,,,,,,,,,,,,,,
41.1,67.4,M,,,,,,,,,,,,,,,,,,,
41.1,74.4,L,,,,,,,,,,,,,,,,,,,
41.1,84.5,L,,,,,,,,,,,,,,,,,,,
41.1,101.2,L,,,,,,,,,,,,,,,,,,,
41.1,107,L,,,,,,,,,,,,,,,,,,,
41.1,112.4,L,,,,,,,,,,,,,,,,,,,
41.1,118.6,L,,,,,,,,,,,,,,,,,,,
41.1,126.3,L,,,,,,,,,,,,,,,,,,,
41.1,135,L,,,,,,,,,,,,,,,,,,,
41.1,186.8,L,,,,,,,,,,,,,,,,,,,
41.5,50.8,M,,,,,,,,,,,,,,,,,,,
41.9,17.8,M,,,,,,,,,,,,,,,,,,,
41.9,31,L,,,,,,,,,,,,,,,,,,,
41.9,87.6,L,,,,,,,,,,,,,,,,,,,
41.9,121.7,M,,,,,,,,,,,,,,,,,,,
41.9,138.7,M,,,,,,,,,,,,,,,,,,,
41.9,160.4,M,,,,,,,,,,,,,,,,,,,
41.9,165.1,L,,,,,,,,,,,,,,,,,,,
41.9,182.9,M,,,,,,,,,,,,,,,,,,,
42.3,12.4,M,,,,,,,,,,,,,,,,,,,
42.5,57.7,L,,,,,,,,,,,,,,,,,,,
42.5,93.2,L,,,,,,,,,,,,,,,,,,,
42.6,8.5,L,,,,,,,,,,,,,,,,,,,
42.6,34.1,L,,,,,,,,,,,,,,,,,,,
42.6,46.5,L,,,,,,,,,,,,,,,,,,,
42.6,61.2,L,,,,,,,,,,,,,,,,,,,
42.6,70.5,M,,,,,,,,,,,,,,,,,,,
42.6,98.4,M,,,,,,,,,,,,,,,,,,,
42.6,103.9,L,,,,,,,,,,,,,,,,,,,
42.6,129.4,L,,,,,,,,,,,,,,,,,,,
42.6,144.9,L,,,,,,,,,,,,,,,,,,,
42.6,148.8,L,,,,,,,,,,,,,,,,,,,
42.6,179.8,L,,,,,,,,,,,,,,,,,,,
42.6,192.2,L,,,,,,,,,,,,,,,,,,,
42.8,80.6,M,,,,,,,,,,,,,,,,,,,
43.2,177.2,M,,,,,,,,,,,,,,,,,,,
43.4,28.1,L,,,,,,,,,,,,,,,,,,,
43.4,43.4,L,,,,,,,,,,,,,,,,,,,
43.4,65.1,L,,,,,,,,,,,,,,,,,,,
43.4,116.3,L,,,,,,,,,,,,,,,,,,,
43.4,124,L,,,,,,,,,,,,,,,,,,,
43.4,132.5,S,,,,,,,,,,,,,,,,,,,
43.4,141.8,L,,,,,,,,,,,,,,,,,,,
43.4,151.8,L,,,,,,,,,,,,,,,,,,,
43.4,155,L,,,,,,,,,,,,,,,,,,,
43.4,162.8,L,,,,,,,,,,,,,,,,,,,
43.4,173.6,L,,,,,,,,,,,,,,,,,,,
43.4,189,L,,,,,,,,,,,,,,,,,,,
43.9,15.2,L,,,,,,,,,,,,,,,,,,,
44,23.9,L,,,,,,,,,,,,,,,,,,,
44.2,73.6,M,,,,,,,,,,,,,,,,,,,
44.2,82.3,M,,,,,,,,,,,,,,,,,,,
44.2,100.8,L,,,,,,,,,,,,,,,,,,,
44.2,106.2,L,,,,,,,,,,,,,,,,,,,
44.2,110.8,M,,,,,,,,,,,,,,,,,,,
44.2,119.4,L,,,,,,,,,,,,,,,,,,,
44.2,168.2,L,,,,,,,,,,,,,,,,,,,
44.2,185.2,M,,,,,,,,,,,,,,,,,,,
44.5,40.6,L,,,,,,,,,,,,,,,,,,,
44.8,114.4,S,,,,,,,,,,,,,,,,,,,
44.8,158.3,M,,,,,,,,,,,,,,,,,,,
45,5.4,L,,,,,,,,,,,,,,,,,,,
45,20.9,M,,,,,,,,,,,,,,,,,,,
45,37.2,M,,,,,,,,,,,,,,,,,,,
45,48.8,L,,,,,,,,,,,,,,,,,,,
45,52.7,L,,,,,,,,,,,,,,,,,,,
45,55,M,,,,,,,,,,,,,,,,,,,
45,67.9,L,,,,,,,,,,,,,,,,,,,
45,85.3,L,,,,,,,,,,,,,,,,,,,
45,93,L,,,,,,,,,,,,,,,,,,,
45,126.8,L,,,,,,,,,,,,,,,,,,,
45,135.6,L,,,,,,,,,,,,,,,,,,,
45,182.1,M,,,,,,,,,,,,,,,,,,,
45.6,161.1,L,,,,,,,,,,,,,,,,,,,
45.7,11.6,L,,,,,,,,,,,,,,,,,,,
45.7,31.8,L,,,,,,,,,,,,,,,,,,,
45.7,45.7,L,,,,,,,,,,,,,,,,,,,
45.7,58.9,M,,,,,,,,,,,,,,,,,,,
45.7,62,L,,,,,,,,,,,,,,,,,,,
45.7,71.3,L,,,,,,,,,,,,,,,,,,,
45.7,76.7,M,,,,,,,,,,,,,,,,,,,
45.7,89.1,L,,,,,,,,,,,,,,,,,,,
45.7,97.7,L,,,,,,,,,,,,,,,,,,,
45.7,129.4,L,,,,,,,,,,,,,,,,,,,
45.7,139.5,L,,,,,,,,,,,,,,,,,,,
45.7,144.2,M,,,,,,,,,,,,,,,,,,,
45.7,149.6,L,,,,,,,,,,,,,,,,,,,
45.7,165.9,L,,,,,,,,,,,,,,,,,,,
45.7,172.1,L,,,,,,,,,,,,,,,,,,,
45.7,179,M,,,,,,,,,,,,,,,,,,,
45.7,190.7,L,,,,,,,,,,,,,,,,,,,
45.7,193.8,L,,,,,,,,,,,,,,,,,,,
45.9,187.3,L,,,,,,,,,,,,,,,,,,,
46.5,17.4,L,,,,,,,,,,,,,,,,,,,
46.5,42.6,L,,,,,,,,,,,,,,,,,,,
46.5,65.9,L,,,,,,,,,,,,,,,,,,,
46.5,103.4,L,,,,,,,,,,,,,,,,,,,
46.5,116.3,L,,,,,,,,,,,,,,,,,,,
46.5,152.7,L,,,,,,,,,,,,,,,,,,,
46.5,175.2,L,,,,,,,,,,,,,,,,,,,
46.7,108.4,L,,,,,,,,,,,,,,,,,,,
47.1,27,L,,,,,,,,,,,,,,,,,,,
47.1,124.8,L,,,,,,,,,,,,,,,,,,,
47.3,2.3,S,,,,,,,,,,,,,,,,,,,
47.3,8.5,L,,,,,,,,,,,,,,,,,,,
47.3,33.9,M,,,,,,,,,,,,,,,,,,,
47.3,73.6,L,,,,,,,,,,,,,,,,,,,
47.3,133.3,L,,,,,,,,,,,,,,,,,,,
47.3,155.8,L,,,,,,,,,,,,,,,,,,,
47.6,183.8,L,,,,,,,,,,,,,,,,,,,
47.7,81.2,L,,,,,,,,,,,,,,,,,,,
47.7,94.7,M,,,,,,,,,,,,,,,,,,,
47.7,141.7,M,,,,,,,,,,,,,,,,,,,
48.1,14.7,L,,,,,,,,,,,,,,,,,,,
48.1,24,L,,,,,,,,,,,,,,,,,,,
48.1,38.8,L,,,,,,,,,,,,,,,,,,,
48.1,68.2,L,,,,,,,,,,,,,,,,,,,
48.1,84.3,L,,,,,,,,,,,,,,,,,,,
48.1,86.8,L,,,,,,,,,,,,,,,,,,,
48.1,91.5,M,,,,,,,,,,,,,,,,,,,
48.1,100,L,,,,,,,,,,,,,,,,,,,
48.1,105.4,L,,,,,,,,,,,,,,,,,,,
48.1,111.5,L,,,,,,,,,,,,,,,,,,,
48.1,113.9,L,,,,,,,,,,,,,,,,,,,
48.1,119.5,L,,,,,,,,,,,,,,,,,,,
48.1,127.3,M,,,,,,,,,,,,,,,,,,,
48.1,136.4,L,,,,,,,,,,,,,,,,,,,
48.1,158.9,L,,,,,,,,,,,,,,,,,,,
48.2,38.4,L,,,,,,,,,,,,,,,,,,,
48.8,20.9,L,,,,,,,,,,,,,,,,,,,
48.8,29.5,L,,,,,,,,,,,,,,,,,,,
48.8,32.6,L,,,,,,,,,,,,,,,,,,,
48.8,45,L,,,,,,,,,,,,,,,,,,,
48.8,48.1,M,,,,,,,,,,,,,,,,,,,
48.8,53.5,L,,,,,,,,,,,,,,,,,,,
48.8,57.4,L,,,,,,,,,,,,,,,,,,,
48.8,60.5,L,,,,,,,,,,,,,,,,,,,
48.8,63.6,L,,,,,,,,,,,,,,,,,,,
48.8,97.7,L,,,,,,,,,,,,,,,,,,,
48.8,121.7,L,,,,,,,,,,,,,,,,,,,
48.8,130.2,L,,,,,,,,,,,,,,,,,,,
48.8,145.7,L,,,,,,,,,,,,,,,,,,,
48.8,150.4,M,,,,,,,,,,,,,,,,,,,
48.8,162.8,L,,,,,,,,,,,,,,,,,,,
48.8,165.9,L,,,,,,,,,,,,,,,,,,,
48.8,170.5,L,,,,,,,,,,,,,,,,,,,
48.8,173.6,L,,,,,,,,,,,,,,,,,,,
48.8,177.5,L,,,,,,,,,,,,,,,,,,,
48.8,181.4,M,,,,,,,,,,,,,,,,,,,
48.8,192.2,L,,,,,,,,,,,,,,,,,,,
49.6,5.4,M,,,,,,,,,,,,,,,,,,,
49.6,11.6,M,,,,,,,,,,,,,,,,,,,
49.6,71.3,L,,,,,,,,,,,,,,,,,,,
49.6,79.8,L,,,,,,,,,,,,,,,,,,,
49.6,103.1,L,,,,,,,,,,,,,,,,,,,
49.6,109.3,M,,,,,,,,,,,,,,,,,,,
49.6,139.5,M,,,,,,,,,,,,,,,,,,,
49.9,186,L,,,,,,,,,,,,,,,,,,,
50.2,35,M,,,,,,,,,,,,,,,,,,,
50.2,124.9,L,,,,,,,,,,,,,,,,,,,
50.4,17.1,M,,,,,,,,,,,,,,,,,,,
50.4,65.9,M,,,,,,,,,,,,,,,,,,,
50.4,117.2,L,,,,,,,,,,,,,,,,,,,
51,41.9,L,,,,,,,,,,,,,,,,,,,
51,142.6,M,,,,,,,,,,,,,,,,,,,
51.2,38.8,L,,,,,,,,,,,,,,,,,,,
51.2,68.2,L,,,,,,,,,,,,,,,,,,,
51.2,82.9,L,,,,,,,,,,,,,,,,,,,
51.2,86,M,,,,,,,,,,,,,,,,,,,
51.2,89.9,L,,,,,,,,,,,,,,,,,,,
51.2,93,L,,,,,,,,,,,,,,,,,,,
51.2,106.2,M,,,,,,,,,,,,,,,,,,,
51.2,127.9,M,,,,,,,,,,,,,,,,,,,
51.2,136.4,L,,,,,,,,,,,,,,,,,,,
51.2,153.5,L,,,,,,,,,,,,,,,,,,,
51.2,156.6,M,,,,,,,,,,,,,,,,,,,
51.2,162,M,,,,,,,,,,,,,,,,,,,
51.2,168.2,M,,,,,,,,,,,,,,,,,,,
51.6,159.2,M,,,,,,,,,,,,,,,,,,,
51.6,179.3,L,,,,,,,,,,,,,,,,,,,
51.8,26.2,M,,,,,,,,,,,,,,,,,,,
51.8,165.4,M,,,,,,,,,,,,,,,,,,,
51.9,1.6,M,,,,,,,,,,,,,,,,,,,
51.9,7.8,L,,,,,,,,,,,,,,,,,,,
51.9,20.2,L,,,,,,,,,,,,,,,,,,,
51.9,23.3,M,,,,,,,,,,,,,,,,,,,
51.9,30.2,L,,,,,,,,,,,,,,,,,,,
51.9,45.7,M,,,,,,,,,,,,,,,,,,,
51.9,48.8,L,,,,,,,,,,,,,,,,,,,
51.9,51.9,L,,,,,,,,,,,,,,,,,,,
51.9,55,M,,,,,,,,,,,,,,,,,,,
51.9,58.9,L,,,,,,,,,,,,,,,,,,,
51.9,76.7,M,,,,,,,,,,,,,,,,,,,
51.9,100.1,M,,,,,,,,,,,,,,,,,,,
51.9,108.5,L,,,,,,,,,,,,,,,,,,,
51.9,114.7,L,,,,,,,,,,,,,,,,,,,
51.9,122.5,M,,,,,,,,,,,,,,,,,,,
51.9,148,M,,,,,,,,,,,,,,,,,,,
51.9,172.8,M,,,,,,,,,,,,,,,,,,,
51.9,175.9,L,,,,,,,,,,,,,,,,,,,
51.9,183.7,M,,,,,,,,,,,,,,,,,,,
52.5,62.5,L,,,,,,,,,,,,,,,,,,,
52.7,14,M,,,,,,,,,,,,,,,,,,,
52.7,71.3,L,,,,,,,,,,,,,,,,,,,
52.7,103.1,L,,,,,,,,,,,,,,,,,,,
52.7,150.4,L,,,,,,,,,,,,,,,,,,,
53.2,117.5,L,,,,,,,,,,,,,,,,,,,
53.3,34.6,L,,,,,,,,,,,,,,,,,,,
53.3,124.6,L,,,,,,,,,,,,,,,,,,,
53.5,4.7,L,,,,,,,,,,,,,,,,,,,
53.5,65.9,L,,,,,,,,,,,,,,,,,,,
53.5,91.5,L,,,,,,,,,,,,,,,,,,,
53.5,94.6,M,,,,,,,,,,,,,,,,,,,
53.5,133.3,S,,,,,,,,,,,,,,,,,,,
54.1,36.9,L,,,,,,,,,,,,,,,,,,,
54.1,111.6,L,,,,,,,,,,,,,,,,,,,
54.3,40.3,L,,,,,,,,,,,,,,,,,,,
54.3,56.6,M,,,,,,,,,,,,,,,,,,,
54.3,82.2,L,,,,,,,,,,,,,,,,,,,
54.3,85.3,M,,,,,,,,,,,,,,,,,,,
54.3,100,L,,,,,,,,,,,,,,,,,,,
54.3,106.2,L,,,,,,,,,,,,,,,,,,,
54.3,120.1,L,,,,,,,,,,,,,,,,,,,
54.3,127.9,L,,,,,,,,,,,,,,,,,,,
54.3,136.4,L,,,,,,,,,,,,,,,,,,,
54.3,143.4,M,,,,,,,,,,,,,,,,,,,
54.3,155,L,,,,,,,,,,,,,,,,,,,
54.3,158.1,M,,,,,,,,,,,,,,,,,,,
54.3,167.4,M,,,,,,,,,,,,,,,,,,,
54.4,98.1,L,,,,,,,,,,,,,,,,,,,
54.4,141.1,L,,,,,,,,,,,,,,,,,,,
54.7,161.1,L,,,,,,,,,,,,,,,,,,,
54.9,10.2,L,,,,,,,,,,,,,,,,,,,
54.9,43.7,L,,,,,,,,,,,,,,,,,,,
55,17.1,M,,,,,,,,,,,,,,,,,,,
55,27.1,L,,,,,,,,,,,,,,,,,,,
55,47.3,M,,,,,,,,,,,,,,,,,,,
55,50.4,L,,,,,,,,,,,,,,,,,,,
55,69,L,,,,,,,,,,,,,,,,,,,
55,77.5,L,,,,,,,,,,,,,,,,,,,
55,103.1,L,,,,,,,,,,,,,,,,,,,
55,114.7,L,,,,,,,,,,,,,,,,,,,
55,122.5,L,,,,,,,,,,,,,,,,,,,
55,146.5,L,,,,,,,,,,,,,,,,,,,
55,164.3,L,,,,,,,,,,,,,,,,,,,
55,170.5,L,,,,,,,,,,,,,,,,,,,
55,177.5,M,,,,,,,,,,,,,,,,,,,
55,181.4,L,,,,,,,,,,,,,,,,,,,
55,188.3,M,,,,,,,,,,,,,,,,,,,
55.5,24.3,L,,,,,,,,,,,,,,,,,,,
55.5,59.8,L,,,,,,,,,,,,,,,,,,,
55.5,109.7,M,,,,,,,,,,,,,,,,,,,
55.8,7,L,,,,,,,,,,,,,,,,,,,
55.8,20.2,L,,,,,,,,,,,,,,,,,,,
55.8,31.8,S,,,,,,,,,,,,,,,,,,,
55.8,53.5,L,,,,,,,,,,,,,,,,,,,
55.8,79.8,L,,,,,,,,,,,,,,,,,,,
55.8,138.7,M,,,,,,,,,,,,,,,,,,,
55.8,148.5,L,,,,,,,,,,,,,,,,,,,
56,151.8,L,,,,,,,,,,,,,,,,,,,
56.1,130.5,M,,,,,,,,,,,,,,,,,,,
56.6,34.9,L,,,,,,,,,,,,,,,,,,,
56.6,72.7,L,,,,,,,,,,,,,,,,,,,
56.6,89.1,L,,,,,,,,,,,,,,,,,,,
56.6,93,L,,,,,,,,,,,,,,,,,,,
56.6,96.1,L,,,,,,,,,,,,,,,,,,,
56.6,117.3,L,,,,,,,,,,,,,,,,,,,
56.6,125.6,M,,,,,,,,,,,,,,,,,,,
56.6,192.2,M,,,,,,,,,,,,,,,,,,,
56.7,13.3,L,,,,,,,,,,,,,,,,,,,
57,86.7,L,,,,,,,,,,,,,,,,,,,
57.2,99.1,L,,,,,,,,,,,,,,,,,,,
57.2,133.9,M,,,,,,,,,,,,,,,,,,,
57.4,4.7,L,,,,,,,,,,,,,,,,,,,
57.4,38,L,,,,,,,,,,,,,,,,,,,
57.4,66.7,M,,,,,,,,,,,,,,,,,,,
57.4,75.2,M,,,,,,,,,,,,,,,,,,,
57.4,82.9,L,,,,,,,,,,,,,,,,,,,
57.4,112.4,L,,,,,,,,,,,,,,,,,,,
57.4,127.9,M,,,,,,,,,,,,,,,,,,,
57.4,136.4,M,,,,,,,,,,,,,,,,,,,
57.4,154.2,L,,,,,,,,,,,,,,,,,,,
57.4,159.7,L,,,,,,,,,,,,,,,,,,,
57.4,172.8,L,,,,,,,,,,,,,,,,,,,
57.4,175.9,M,,,,,,,,,,,,,,,,,,,
57.5,102,L,,,,,,,,,,,,,,,,,,,
57.7,120.3,M,,,,,,,,,,,,,,,,,,,
58.1,10.1,L,,,,,,,,,,,,,,,,,,,
58.1,18.6,L,,,,,,,,,,,,,,,,,,,
58.1,41.9,L,,,,,,,,,,,,,,,,,,,
58.1,45,S,,,,,,,,,,,,,,,,,,,
58.1,57.4,M,,,,,,,,,,,,,,,,,,,
58.1,60.5,M,,,,,,,,,,,,,,,,,,,
58.1,69,L,,,,,,,,,,,,,,,,,,,
58.1,104.5,L,,,,,,,,,,,,,,,,,,,
58.1,107.7,S,,,,,,,,,,,,,,,,,,,
58.1,144.2,M,,,,,,,,,,,,,,,,,,,
58.1,169,L,,,,,,,,,,,,,,,,,,,
58.1,179,L,,,,,,,,,,,,,,,,,,,
58.1,182.1,M,,,,,,,,,,,,,,,,,,,
58.1,186,L,,,,,,,,,,,,,,,,,,,
58.3,162.5,L,,,,,,,,,,,,,,,,,,,
58.7,25.9,L,,,,,,,,,,,,,,,,,,,
58.7,48.2,L,,,,,,,,,,,,,,,,,,,
58.7,51.5,M,,,,,,,,,,,,,,,,,,,
58.9,15.5,L,,,,,,,,,,,,,,,,,,,
58.9,22.5,L,,,,,,,,,,,,,,,,,,,
58.9,29.5,L,,,,,,,,,,,,,,,,,,,
58.9,54.3,L,,,,,,,,,,,,,,,,,,,
58.9,115.5,L,,,,,,,,,,,,,,,,,,,
58.9,123.2,M,,,,,,,,,,,,,,,,,,,
58.9,138.7,L,,,,,,,,,,,,,,,,,,,
58.9,148,L,,,,,,,,,,,,,,,,,,,
58.9,192.2,L,,,,,,,,,,,,,,,,,,,
59.5,133.2,M,,,,,,,,,,,,,,,,,,,
59.7,6.2,L,,,,,,,,,,,,,,,,,,,
59.7,13.2,L,,,,,,,,,,,,,,,,,,,
59.7,32.6,L,,,,,,,,,,,,,,,,,,,
59.7,35.7,L,,,,,,,,,,,,,,,,,,,
59.7,63.6,M,,,,,,,,,,,,,,,,,,,
59.7,72.9,L,,,,,,,,,,,,,,,,,,,
59.7,79.1,L,,,,,,,,,,,,,,,,,,,
59.7,87.6,L,,,,,,,,,,,,,,,,,,,
59.7,90.7,L,,,,,,,,,,,,,,,,,,,
59.7,94.6,M,,,,,,,,,,,,,,,,,,,
59.7,141.8,M,,,,,,,,,,,,,,,,,,,
59.7,151.9,L,,,,,,,,,,,,,,,,,,,
60.3,97.8,L,,,,,,,,,,,,,,,,,,,
60.5,39.5,L,,,,,,,,,,,,,,,,,,,
60.5,66.7,M,,,,,,,,,,,,,,,,,,,
60.5,84.5,L,,,,,,,,,,,,,,,,,,,
60.5,100.4,L,,,,,,,,,,,,,,,,,,,
60.5,103.1,L,,,,,,,,,,,,,,,,,,,
60.5,112.4,L,,,,,,,,,,,,,,,,,,,
60.5,155,L,,,,,,,,,,,,,,,,,,,
60.5,161.2,L,,,,,,,,,,,,,,,,,,,
60.5,163.5,L,,,,,,,,,,,,,,,,,,,
60.5,171.3,L,,,,,,,,,,,,,,,,,,,
60.5,177.5,M,,,,,,,,,,,,,,,,,,,
60.5,181.4,L,,,,,,,,,,,,,,,,,,,
60.6,174.5,M,,,,,,,,,,,,,,,,,,,
60.8,167.7,L,,,,,,,,,,,,,,,,,,,
61.1,120.4,L,,,,,,,,,,,,,,,,,,,
61.2,3.1,L,,,,,,,,,,,,,,,,,,,
61.2,49.6,M,,,,,,,,,,,,,,,,,,,
61.2,58.9,M,,,,,,,,,,,,,,,,,,,
61.2,69.8,M,,,,,,,,,,,,,,,,,,,
61.2,82.2,L,,,,,,,,,,,,,,,,,,,
61.2,107,L,,,,,,,,,,,,,,,,,,,
61.2,115.5,L,,,,,,,,,,,,,,,,,,,
61.2,183.7,L,,,,,,,,,,,,,,,,,,,
61.7,43.4,L,,,,,,,,,,,,,,,,,,,
61.8,123.2,M,,,,,,,,,,,,,,,,,,,
62,9.3,M,,,,,,,,,,,,,,,,,,,
62,16.3,L,,,,,,,,,,,,,,,,,,,
62,20.2,L,,,,,,,,,,,,,,,,,,,
62,24,L,,,,,,,,,,,,,,,,,,,
62,27.1,L,,,,,,,,,,,,,,,,,,,
62,52.7,L,,,,,,,,,,,,,,,,,,,
62,61.2,M,,,,,,,,,,,,,,,,,,,
62,73.6,M,,,,,,,,,,,,,,,,,,,
62,126.3,L,,,,,,,,,,,,,,,,,,,
62,131,L,,,,,,,,,,,,,,,,,,,
62,139.5,L,,,,,,,,,,,,,,,,,,,
62.3,156.6,L,,,,,,,,,,,,,,,,,,,
62.8,12.4,L,,,,,,,,,,,,,,,,,,,
62.8,30.2,L,,,,,,,,,,,,,,,,,,,
62.8,34.1,L,,,,,,,,,,,,,,,,,,,
62.8,37.2,L,,,,,,,,,,,,,,,,,,,
62.8,46.5,M,,,,,,,,,,,,,,,,,,,
62.8,55.8,L,,,,,,,,,,,,,,,,,,,
62.8,64.3,M,,,,,,,,,,,,,,,,,,,
62.8,78.3,L,,,,,,,,,,,,,,,,,,,
62.8,89.9,L,,,,,,,,,,,,,,,,,,,
62.8,95.3,L,,,,,,,,,,,,,,,,,,,
62.8,98.4,L,,,,,,,,,,,,,,,,,,,
62.8,109.6,L,,,,,,,,,,,,,,,,,,,
62.8,117.8,M,,,,,,,,,,,,,,,,,,,
62.8,147.3,L,,,,,,,,,,,,,,,,,,,
62.8,159.7,L,,,,,,,,,,,,,,,,,,,
62.9,153,L,,,,,,,,,,,,,,,,,,,
63.1,134.4,L,,,,,,,,,,,,,,,,,,,
63.4,6,L,,,,,,,,,,,,,,,,,,,
63.4,169.7,L,,,,,,,,,,,,,,,,,,,
63.6,67.4,S,,,,,,,,,,,,,,,,,,,
63.6,76,L,,,,,,,,,,,,,,,,,,,
63.6,102.2,L,,,,,,,,,,,,,,,,,,,
63.6,104.6,L,,,,,,,,,,,,,,,,,,,
63.6,120.9,L,,,,,,,,,,,,,,,,,,,
63.6,141.8,L,,,,,,,,,,,,,,,,,,,
63.6,172.8,M,,,,,,,,,,,,,,,,,,,
63.6,175.9,M,,,,,,,,,,,,,,,,,,,
63.6,179,M,,,,,,,,,,,,,,,,,,,
64.2,166.3,M,,,,,,,,,,,,,,,,,,,
64.3,41.1,M,,,,,,,,,,,,,,,,,,,
64.3,58.9,L,,,,,,,,,,,,,,,,,,,
64.3,84.5,L,,,,,,,,,,,,,,,,,,,
64.3,115.5,L,,,,,,,,,,,,,,,,,,,
64.3,124,L,,,,,,,,,,,,,,,,,,,
64.3,137.2,L,,,,,,,,,,,,,,,,,,,
64.3,162.8,L,,,,,,,,,,,,,,,,,,,
64.3,182.9,L,,,,,,,,,,,,,,,,,,,
64.6,107.4,L,,,,,,,,,,,,,,,,,,,
64.9,149.1,L,,,,,,,,,,,,,,,,,,,
65.1,1.6,L,,,,,,,,,,,,,,,,,,,
65.1,18.6,L,,,,,,,,,,,,,,,,,,,
65.1,21.7,L,,,,,,,,,,,,,,,,,,,
65.1,25.6,L,,,,,,,,,,,,,,,,,,,
65.1,50.4,L,,,,,,,,,,,,,,,,,,,
65.1,53.5,L,,,,,,,,,,,,,,,,,,,
65.1,79.1,M,,,,,,,,,,,,,,,,,,,
65.1,81.4,L,,,,,,,,,,,,,,,,,,,
65.1,132.4,M,,,,,,,,,,,,,,,,,,,
65.1,139.5,L,,,,,,,,,,,,,,,,,,,
65.1,144.9,L,,,,,,,,,,,,,,,,,,,
65.6,28.5,M,,,,,,,,,,,,,,,,,,,
65.6,44.3,L,,,,,,,,,,,,,,,,,,,
65.6,99.1,L,,,,,,,,,,,,,,,,,,,
65.9,7.8,L,,,,,,,,,,,,,,,,,,,
65.9,31.8,L,,,,,,,,,,,,,,,,,,,
65.9,56.6,M,,,,,,,,,,,,,,,,,,,
65.9,62,L,,,,,,,,,,,,,,,,,,,
65.9,73.6,M,,,,,,,,,,,,,,,,,,,
65.9,88.4,L,,,,,,,,,,,,,,,,,,,
65.9,91.5,L,,,,,,,,,,,,,,,,,,,
65.9,93.8,L,,,,,,,,,,,,,,,,,,,
65.9,96.9,L,,,,,,,,,,,,,,,,,,,
65.9,102.3,M,,,,,,,,,,,,,,,,,,,
65.9,105.4,M,,,,,,,,,,,,,,,,,,,
65.9,110.1,L,,,,,,,,,,,,,,,,,,,
65.9,127.1,L,,,,,,,,,,,,,,,,,,,
65.9,147.3,L,,,,,,,,,,,,,,,,,,,
65.9,157.3,L,,,,,,,,,,,,,,,,,,,
65.9,160.4,L,,,,,,,,,,,,,,,,,,,
65.9,188.3,L,,,,,,,,,,,,,,,,,,,
66.3,37.7,L,,,,,,,,,,,,,,,,,,,
66.3,171.4,M,,,,,,,,,,,,,,,,,,,
66.7,10.9,S,,,,,,,,,,,,,,,,,,,
66.7,35.7,M,,,,,,,,,,,,,,,,,,,
66.7,47.3,M,,,,,,,,,,,,,,,,,,,
66.7,65.4,L,,,,,,,,,,,,,,,,,,,
66.7,69,M,,,,,,,,,,,,,,,,,,,
66.7,113.2,L,,,,,,,,,,,,,,,,,,,
66.7,116.7,L,,,,,,,,,,,,,,,,,,,
66.7,121.7,L,,,,,,,,,,,,,,,,,,,
66.7,134.2,L,,,,,,,,,,,,,,,,,,,
66.7,167.9,L,,,,,,,,,,,,,,,,,,,
66.7,176.7,M,,,,,,,,,,,,,,,,,,,
66.7,193,L,,,,,,,,,,,,,,,,,,,
66.8,15.3,M,,,,,,,,,,,,,,,,,,,
66.8,136.9,L,,,,,,,,,,,,,,,,,,,
67.1,185.5,L,,,,,,,,,,,,,,,,,,,
67.4,59.7,L,,,,,,,,,,,,,,,,,,,
67.4,82.9,L,,,,,,,,,,,,,,,,,,,
67.4,151.9,L,,,,,,,,,,,,,,,,,,,
67.6,129.9,L,,,,,,,,,,,,,,,,,,,
67.7,76.4,L,,,,,,,,,,,,,,,,,,,
67.7,154.9,L,,,,,,,,,,,,,,,,,,,
68.2,20.2,M,,,,,,,,,,,,,,,,,,,
68.2,41.1,M,,,,,,,,,,,,,,,,,,,
68.2,73.6,L,,,,,,,,,,,,,,,,,,,
68.2,79.8,M,,,,,,,,,,,,,,,,,,,
68.2,104.6,L,,,,,,,,,,,,,,,,,,,
68.2,107.7,L,,,,,,,,,,,,,,,,,,,
68.2,131.8,L,,,,,,,,,,,,,,,,,,,
68.2,144.9,L,,,,,,,,,,,,,,,,,,,
68.2,162,L,,,,,,,,,,,,,,,,,,,
68.5,62.2,L,,,,,,,,,,,,,,,,,,,
68.7,158.9,L,,,,,,,,,,,,,,,,,,,
68.8,24,M,,,,,,,,,,,,,,,,,,,
69,7.8,L,,,,,,,,,,,,,,,,,,,
69,17.1,L,,,,,,,,,,,,,,,,,,,
69,26.4,L,,,,,,,,,,,,,,,,,,,
69,30.2,M,,,,,,,,,,,,,,,,,,,
69,49.6,L,,,,,,,,,,,,,,,,,,,
69,52.7,L,,,,,,,,,,,,,,,,,,,
69,86.8,S,,,,,,,,,,,,,,,,,,,
69,89.9,L,,,,,,,,,,,,,,,,,,,
69,92.2,L,,,,,,,,,,,,,,,,,,,
69,95.3,L,,,,,,,,,,,,,,,,,,,
69,98.4,L,,,,,,,,,,,,,,,,,,,
69,101.5,S,,,,,,,,,,,,,,,,,,,
69,117.8,L,,,,,,,,,,,,,,,,,,,
69,127.1,M,,,,,,,,,,,,,,,,,,,
69,134.9,L,,,,,,,,,,,,,,,,,,,
69,140,M,,,,,,,,,,,,,,,,,,,
69,166.6,L,,,,,,,,,,,,,,,,,,,
69,169.7,L,,,,,,,,,,,,,,,,,,,
69,172.8,L,,,,,,,,,,,,,,,,,,,
69,189.1,M,,,,,,,,,,,,,,,,,,,
69.3,33.8,L,,,,,,,,,,,,,,,,,,,
69.6,44.5,L,,,,,,,,,,,,,,,,,,,
69.6,147.6,M,,,,,,,,,,,,,,,,,,,
69.8,1.6,L,,,,,,,,,,,,,,,,,,,
69.8,14.7,L,,,,,,,,,,,,,,,,,,,
69.8,37.2,L,,,,,,,,,,,,,,,,,,,
69.8,57.4,M,,,,,,,,,,,,,,,,,,,
69.8,122.5,L,,,,,,,,,,,,,,,,,,,
69.8,179,L,,,,,,,,,,,,,,,,,,,
69.8,193,M,,,,,,,,,,,,,,,,,,,
70.2,109.6,M,,,,,,,,,,,,,,,,,,,
70.4,47.6,L,,,,,,,,,,,,,,,,,,,
70.5,60.5,M,,,,,,,,,,,,,,,,,,,
70.5,69,L,,,,,,,,,,,,,,,,,,,
70.5,81.4,L,,,,,,,,,,,,,,,,,,,
70.5,112.4,M,,,,,,,,,,,,,,,,,,,
70.5,142.6,M,,,,,,,,,,,,,,,,,,,
70.5,151,L,,,,,,,,,,,,,,,,,,,
70.5,153.5,M,,,,,,,,,,,,,,,,,,,
70.5,185.9,L,,,,,,,,,,,,,,,,,,,
71.2,78.1,M,,,,,,,,,,,,,,,,,,,
71.3,3.9,L,,,,,,,,,,,,,,,,,,,
71.3,10.1,L,,,,,,,,,,,,,,,,,,,
71.3,21.7,L,,,,,,,,,,,,,,,,,,,
71.3,24.8,L,,,,,,,,,,,,,,,,,,,
71.3,41.9,M,,,,,,,,,,,,,,,,,,,
71.3,64.6,M,,,,,,,,,,,,,,,,,,,
71.3,72.1,L,,,,,,,,,,,,,,,,,,,
71.3,84.5,M,,,,,,,,,,,,,,,,,,,
71.3,103.1,M,,,,,,,,,,,,,,,,,,,
71.3,106.2,L,,,,,,,,,,,,,,,,,,,
71.3,115.5,M,,,,,,,,,,,,,,,,,,,
71.3,132.5,M,,,,,,,,,,,,,,,,,,,
71.3,145.7,M,,,,,,,,,,,,,,,,,,,
71.3,155.8,M,,,,,,,,,,,,,,,,,,,
71.3,159.7,L,,,,,,,,,,,,,,,,,,,
71.3,162.8,L,,,,,,,,,,,,,,,,,,,
71.9,99.2,L,,,,,,,,,,,,,,,,,,,
72.1,27.9,L,,,,,,,,,,,,,,,,,,,
72.1,39.5,M,,,,,,,,,,,,,,,,,,,
72.1,51.2,L,,,,,,,,,,,,,,,,,,,
72.1,90.7,M,,,,,,,,,,,,,,,,,,,
72.1,96.9,L,,,,,,,,,,,,,,,,,,,
72.1,118.6,M,,,,,,,,,,,,,,,,,,,
72.1,182.1,M,,,,,,,,,,,,,,,,,,,
72.4,32.4,L,,,,,,,,,,,,,,,,,,,
72.7,45.3,L,,,,,,,,,,,,,,,,,,,
72.7,54.6,M,,,,,,,,,,,,,,,,,,,
72.9,18.6,S,,,,,,,,,,,,,,,,,,,
72.9,35.3,M,,,,,,,,,,,,,,,,,,,
72.9,57.4,M,,,,,,,,,,,,,,,,,,,
72.9,63.6,M,,,,,,,,,,,,,,,,,,,
72.9,66.7,L,,,,,,,,,,,,,,,,,,,
72.9,174.4,M,,,,,,,,,,,,,,,,,,,
72.9,193.8,L,,,,,,,,,,,,,,,,,,,
73.2,6.8,L,,,,,,,,,,,,,,,,,,,
73.6,12.4,L,,,,,,,,,,,,,,,,,,,
73.6,70.5,M,,,,,,,,,,,,,,,,,,,
73.6,73.6,M,,,,,,,,,,,,,,,,,,,
73.6,76.7,M,,,,,,,,,,,,,,,,,,,
73.6,79.8,M,,,,,,,,,,,,,,,,,,,
73.6,82.9,L,,,,,,,,,,,,,,,,,,,
73.6,107.7,L,,,,,,,,,,,,,,,,,,,
73.6,113.2,L,,,,,,,,,,,,,,,,,,,
73.6,124,L,,,,,,,,,,,,,,,,,,,
73.6,127.1,L,,,,,,,,,,,,,,,,,,,
73.6,130.2,L,,,,,,,,,,,,,,,,,,,
73.6,138,M,,,,,,,,,,,,,,,,,,,
73.6,144.2,L,,,,,,,,,,,,,,,,,,,
73.6,151.1,L,,,,,,,,,,,,,,,,,,,
73.6,169,S,,,,,,,,,,,,,,,,,,,
73.9,186,L,,,,,,,,,,,,,,,,,,,
74.1,104.5,L,,,,,,,,,,,,,,,,,,,
74.4,48.1,L,,,,,,,,,,,,,,,,,,,
74.4,86,M,,,,,,,,,,,,,,,,,,,
74.4,89.1,M,,,,,,,,,,,,,,,,,,,
74.4,92.2,M,,,,,,,,,,,,,,,,,,,
74.4,98.4,L,,,,,,,,,,,,,,,,,,,
74.4,100.8,L,,,,,,,,,,,,,,,,,,,
74.4,116.3,L,,,,,,,,,,,,,,,,,,,
74.4,132.7,L,,,,,,,,,,,,,,,,,,,
74.4,141.1,L,,,,,,,,,,,,,,,,,,,
74.4,154.4,L,,,,,,,,,,,,,,,,,,,
74.4,157.3,L,,,,,,,,,,,,,,,,,,,
74.4,160.4,L,,,,,,,,,,,,,,,,,,,
74.4,163.5,L,,,,,,,,,,,,,,,,,,,
74.9,95.2,M,,,,,,,,,,,,,,,,,,,
75.2,3.9,M,,,,,,,,,,,,,,,,,,,
75.2,20.9,L,,,,,,,,,,,,,,,,,,,
75.2,26.4,L,,,,,,,,,,,,,,,,,,,
75.2,35.7,L,,,,,,,,,,,,,,,,,,,
75.2,42.6,L,,,,,,,,,,,,,,,,,,,
75.2,182.1,L,,,,,,,,,,,,,,,,,,,
75.2,188.3,M,,,,,,,,,,,,,,,,,,,
75.6,45.4,L,,,,,,,,,,,,,,,,,,,
75.6,146.5,L,,,,,,,,,,,,,,,,,,,
75.8,29.6,L,,,,,,,,,,,,,,,,,,,
76,39.5,S,,,,,,,,,,,,,,,,,,,
76,55.8,M,,,,,,,,,,,,,,,,,,,
76,58.1,M,,,,,,,,,,,,,,,,,,,
76,62,L,,,,,,,,,,,,,,,,,,,
76,68.2,M,,,,,,,,,,,,,,,,,,,
76,106.2,L,,,,,,,,,,,,,,,,,,,
76,108.5,L,,,,,,,,,,,,,,,,,,,
76,122.5,L,,,,,,,,,,,,,,,,,,,
76.1,33,L,,,,,,,,,,,,,,,,,,,
76.7,12.4,M,,,,,,,,,,,,,,,,,,,
76.7,17.8,L,,,,,,,,,,,,,,,,,,,
76.7,71.3,M,,,,,,,,,,,,,,,,,,,
76.7,75.2,M,,,,,,,,,,,,,,,,,,,
76.7,76.7,L,,,,,,,,,,,,,,,,,,,
76.7,81.4,L,,,,,,,,,,,,,,,,,,,
76.7,85.3,M,,,,,,,,,,,,,,,,,,,
76.7,103.1,L,,,,,,,,,,,,,,,,,,,
76.7,117,L,,,,,,,,,,,,,,,,,,,
76.7,128.7,M,,,,,,,,,,,,,,,,,,,
76.7,143.4,L,,,,,,,,,,,,,,,,,,,
76.7,151.9,M,,,,,,,,,,,,,,,,,,,
76.7,158.1,L,,,,,,,,,,,,,,,,,,,
76.7,169,S,,,,,,,,,,,,,,,,,,,
76.7,174.4,M,,,,,,,,,,,,,,,,,,,
76.7,185.2,L,,,,,,,,,,,,,,,,,,,
77.5,7,L,,,,,,,,,,,,,,,,,,,
77.5,48.1,S,,,,,,,,,,,,,,,,,,,
77.5,96.9,L,,,,,,,,,,,,,,,,,,,
77.5,99.2,L,,,,,,,,,,,,,,,,,,,
77.5,136.4,L,,,,,,,,,,,,,,,,,,,
77.5,141.1,M,,,,,,,,,,,,,,,,,,,
77.5,161.2,L,,,,,,,,,,,,,,,,,,,
77.5,164.3,M,,,,,,,,,,,,,,,,,,,
77.5,177.5,L,,,,,,,,,,,,,,,,,,,
